tweet,category,id
sodc planning committee tonight at didcot civic hall some interesting cases on the agenda including wyevale at hen,Politician,4912945864
usembassytokyo imamade hontoni arigato gozaimashita thank you for everything pls,Politician,1900694785
mrrawle well deserved congratulations,Politician,1887255132
people unfollowed me automatically checked by,Politician,1873380343
new estimates final tax plan would raise taxes on or leave out million households by according to nonpart,Politician,1872999342
the number of people out of work in westminsternorth has fallen by under the conservatives more people are in work than,Politician,1871982156
approval for legislation to regulate termination of pregnancy in ireland time to legislate and pass the law repealedth,Politician,1871710310
the gmcuk won send me the details of the investigations into the doctors who negligently left our son ben to die and co,Politician,1855718724
armstrong renata who killed cole miller only has to serve of his sentence and will be eligible for parole,Politician,1709026405
still backing state pension justice for those born women who received no letter no notice and have no pension,Politician,1699862954
unser alstertaler team die wandsbeker bezirksversammlungswahl wir sind bereit,Politician,1699078615
today the day californiasurfingday our state has so much to celebrate in ca and around the amuratsuchi janetnguy,Politician,1695572048
mark your calendars,Politician,1688538097
oomphcoffee jennybcampbell have you sorted the lids out now then,Politician,1673335638
great showing of support for conservative texas values congratulations to peteflores tx on his special election,Politician,1648117711
electric road bikes in stock and aren they absolutely gorgeous buy online at choose cycle,Politician,1647945012
rambobiggs oh you poor poor sob,Politician,1646543916
we will rescue ekiti from politics of slavery ojudu ojudu,Politician,1640301872
welcome to the salty spittoon how tough are crab,Politician,1639694208
bit of misleading insinuation in this article while supported inclusion of pro life group and respect those wh,Politician,1637638788
paramedics are the second highest suicide rates and it good that governments are finally starting to listen we have go,Politician,1637230910
nbtmumbai,Politician,1627383548
,Politician,1621623402
fiddlers green jamesb bkk rogtallbloke drwaheeduddin rln nelson jamesrider nikolovscience grnconservatism,Politician,1619874846
we cannot afford cavalier approach to the nation defence,Politician,1615220864
the uk left the eu because it did not want to share its immigration policy with countries it then expected countri,Politician,1608384800
rafi aaa,Politician,1604512538
shifting horizons heritage conservation colour project exhibition open forestschool ntgodolphin modlefroy ht,Politician,1585394414
as victim of domestic violence will always stand with survivors of assault today sent letter with my colleagues in,Politician,1567028114
it looking like we have major contenders for the pdp presidential primaries who do you think will emerge the winner,Politician,1561354518
rest in peace chas you gave our decade this and we ll always be grateful,Politician,1543941798
my mountains and rain clouds are back,Politician,1543501170
nyssadogfriend it not really sound bite to suggest being obese is bad for your health it demonstrably is,Politician,1543202473
looking forward to joining stevebenjaminsc and the us conference of mayors in columbia tomorrow,Politician,1529551105
lsubands did fantastic job this weekend and they re still getting recognition from around the nation great job,Politician,1526047082
amazing tribute to my friend alison from an organisation she admired so much,Politician,1526022031
the best labour fringe event in years clearly metecoban lisanandy and simonalcockce loved it too all while,Politician,1524736062
jocox,Politician,1489644792
we do not accept that the choice is between tory deal and no deal that is not meaningful vote if we fail to ge,Politician,1479683826
beautifully respectful haka performance by students from mdproductionsmd for the deputy high commissioner of new zeala,Politician,1474805401
,Politician,1462405093
unga unhlmtb endtb countries making their committments to end tb presidents are here ofcourse not ours in,Politician,1444151179
current mood,Politician,1438537567
thanks mpsaddison for meeting with suefennimore and me this evening to discuss local issues and how we can work together,Politician,1436670253
thornbrah shirt,Politician,323399151
great news for banbridge the gameofthrones legacy continues to help bolster the ever growing ni tourism sector upperba,Politician,322529131
sudah tiba masanya semua pihak tanpa mengira fahaman politik dapat mencari satu titik persamaan demi kepentin,Politician,320586777
rachelnotley addresses auma ableg,Politician,319854340
using the hashtag milesformollie hundreds posted on social media about dedicating their runs to tibbetts and refusing,Politician,318407335
big moment,Politician,317234815
today sengillibrand and spoke about the clothe homeless hero act which has now passed the senate,Politician,317226055
congratulations to newly elected cllr jed dwight huge thanks to all especially better crawley and tomliddiard,Politician,315445153
jacinda ardern answering question from international media about whether having neve around on her ny trip has been,Politician,312594130
bridge on delawareriver linking pennsylvania to newjersey penn landing,Politician,311266054
,Politician,309888827
the voice of british business must be heard discover the alliance of british entrepreneurs here,Politician,309587728
check out my episode thoughts from the navarro show on anchor,Politician,308197624
soutiam conservative values greed and self interest the most obvious ones,Politician,308190077
we need things to endtb political commitment from the highest levels action to back it up increased investmen,Politician,307828025
march was asked by ptiofficial imrankhanpti to surrender my us citizenship in order to be able to contest an,Politician,304947095
this is indy while the other pups were playing he studied the wag destined for ckin greatness,Politician,303421365
so proud of my daughter gracecampbell to conceive write direct and get ledge richard wilson to appear in this brilli,Politician,302670129
today daily record reports on my universal credit event in arden my thoughts on uc and my colleague brendanoharasnp,Politician,299696050
phan mav edmnangagwa will speak to him handinga tsve dega ka but akauya momboita ceasefire neni ka,Politician,299221094
be there,Politician,296640904
ve been chatting recently with san franciso based remix about their online tools that help reimagine and redesig,Politician,296566261
today spoke to the bloomberg global business forum at unga about how post brexit britain will be unequivocally pro,Politician,295383685
huge thank you to our wonderful worcester fundraising committee for supporting guildhall worc coffeemorning and ano,Politician,294070996
to celebrate recycleweek and highlight the issue of plasticpollution we have commissioned this art installation on vo,Politician,293992668
proud to stand with wvworkers and vote no on repeal of prevailing wage wvlegis,Politician,291910363
the snp are simply not listening to edinburgh,Politician,289038576
alex jh our da dkb alex you are wrong trained years as military officer poor training and work,Politician,284335372
russia finland talks took place in helsinki,Politician,153810519
but that extra platform at stevenage station would be help especially for the people of watton stone another,Politician,151114247
iredalepolitics theresa may lincspolice looknorthbbc probably only spending million on policing or is that,Politician,150574892
caversham councillors adelecaversham and are here at the library until today talking to residents about th,Politician,149058215
speaking at meeting of the andhra pradesh congress wing of sc and st communities where we recalled that the party,Politician,148275530
in all our long history we have never seen greater day than this sir winston churchill onthisday veday htt,Politician,148242740
the tories have created hostile environment for disabled people rt if you agree with corbyn lab,Politician,147602027
really arlene putting the blame on dead man just when you thought the dup duponline could not go any lower di,Politician,146349595
sauliloquy fahdhumayun certainly impacting voters here on nov especially the young first time voters have,Politician,145965075
free download ielts general writing task topics and band samples,Politician,144309674
mins seconds labour leader mumbles all options are on the table with reference to brexit the line that,Politician,143922895
good to see sheffield schools and fe institutions have been worryingly underfunded for too long,Politician,143508762
nu ben ik wel heel benieuwd,Politician,143497387
cbcstephenquinn cbcearlyedition flip side of spending is fundraising under the new rules worthy of its own story,Politician,143300081
republicaning happy to emcee in support of rep jeremy thiesfeldt and always great to see senator ron johnson attendi,Politician,142332083
labour divisions over the eu are smallscale compared with those of the tories so why do the mainstream media keep,Politician,142307643
look who at labour conference hackedoffhugh at fringe event on media lab,Politician,141333550
cllrrichmacrae hope you are doing well yes seems labour are jumping on the back of your hard work,Politician,140127657
police seize firearms and over rounds of ammunition across several parishes within hours three high velocity,Politician,136794125
it wrong guys wear tie,Politician,136549005
worked with obama admin to secure for critical first segment of the new gateway tunnel via starledger,Politician,135297032
how merkel reacted when she was told how german borders could be sealed during the refugee crisis in she shook he,Politician,134358435
thepixelfactor ctrl alt greer,Politician,134272437
,Politician,133460917
eidmubark,Politician,132980274
,Politician,132138968
imagine terrifying rollercoaster ride that slowly paralyses you every turn brings you closer to death and you re forced to,Politician,131862459
gr to be wfcouncil cheneyrowparke highamhill at the commencement of works on the park refurb gr to see this inves,Politician,129768260
harrisfaulkner,Politician,129657712
thank you thank you thank you from the bottle of our hearts we have been blown away by the response of nationalrefillday,Politician,128888574
colony of artists open today between noon and pm,Politician,128887319
devcun,Politician,125522256
nataliemcgarry kids today eh mine can swipe the iphone better than can,Politician,124776105
sukhpalkhaira simarjeet bains sad to know,Politician,123598101
hey everyone you ve gotta check out this article made today so far,Politician,123167912
not into pink or not bothered about babies you too may be woman especially if you re autistic or northern ffs https,Politician,122944851
should charges have been laid,Politician,122487895
social media can be useful tool for communicating to the electorate but social media can also be divisive http,Politician,121484113
reverse conference bounce for lab in any case polling during conference season can be choppy so keep that in mind htt,Politician,121127090
trump signs billion bill to give vets more healthcare options va overhaul and more via amermilnews,Politician,120334688
this this is all you need to know after years of advocating brexit campaign for brexit starting the brexi,Politician,118429508
laminine stardnienie rozsiane sm,Trader,1898394962
sorry for not being online guys ll be back in the matrix soon been tough in this southern african country live in,Trader,1895120856
eminiplayer mac book air,Trader,1893573728
get free demo account when you register with gtoptions trading,Trader,1885693524
ahahha this sounds optimistic meanwhile the jap gov just sits there doing nothing rite lol forex usdjpy daytrader,Trader,1885361696
attend my meeting on powered by anymeeting,Trader,1882561549
,Trader,1879180122
monday est tuesday ever,Trader,1867799972
come join us bmcdcareers assistant regional office info,Trader,1854642828
use my invite code aaronw ue and get free ride up to redeem it at,Trader,1854066410
crosscountryuk are services running from leicester to ely,Trader,1834128042
buzzerr rainbow game ramuo use dude,Trader,1737416329
no longer active on this account please follow kericonsulting for finance business matters or,Trader,1724906570
onvo voted,Trader,1711506326
adicloud false bears eat beets,Trader,1710610998
cl cl wti futures possible head shoulders forming or heading to upper trendline on break of neckline,Trader,1707398280
growing and engaging with the right tweeps gained new followers in the past week courtesy,Trader,1704465968
simply do not understand this media and looneys obsession with so called dynasty if anybody has been elected via,Trader,1686500736
how do you gain access to an interbank chat room containing realtime fx trade ideas and analysis find out in the guide fx forex,Trader,1677163716
dollars de dette mondiale vingt sept mille milliards bourse trading,Trader,1662315272
stay ahead of market trends with weekly market outlook webinars by fxprimus find out how forex trading,Trader,1661591442
just had long usd cad,Trader,1653890102
dollar picked up in the road is more satisfaction to us than the which we had to work for and the money won in th,Trader,1652317566
celebrating this weekend at ipjang,Trader,1651886250
do you remember when you joined twitter do mytwitteranniversary,Trader,1643802140
szmembers thanks good point,Trader,1639146732
strange days,Trader,1638049951
trump do not you realize you re the gop campaign finance reformer like perot in gop needs reformer option like sanders for dnc,Trader,1636147208
hi casey were you able to read my idea email if so and didn like it that no hard feelings just let,Trader,1634063148
sttk flying under the radar but having great week,Trader,1634020687
our norwegian commercial is now the most viral video at imgur and most discussed at reddit fortheloveofgood,Trader,1633947890
shenzhen stock exchange szse and shanghai stock exchange sse as consortium has recently won the bid for,Trader,1632752233
you coons go crazy over the same shoe every year all got this same shoe in,Trader,1631577577
excited to try out zombie battleground next gen decentralised ccc game,Trader,1630765614
salmankhan nd bigboss sucks dey showed dey partial fo salmankhan,Trader,1618626548
metatrader mql cookbook indicator subwindow controls scrollbar,Trader,1609606634
added video to youtube playlist free energy electricity generator using magnet and copper wire self,Trader,1600783195
dollar cost averaging great technique for stocks,Trader,1596067753
navy acknowledges aircrew drew penis in the sky over washington via dcexaminer,Trader,1593862502
ecb leaves key rate at draghi up next,Trader,1592242700
nandos your app ui is poor local aylesbury restaurant doesn answer phone used web order and you tell us you do,Trader,1589401388
how billionaire warren buffett made those billions forbesbillionaires via forbes,Trader,1587639230
if become browns fan early wont be caught on the bandwagon,Trader,1584687594
,Trader,1570375142
barnejek totally just followed you,Trader,1567851152
drp sir later in discipline and patience,Trader,1559818237
hay gente que ve el mundo en blanco negro hay gente que ve el mundo de colores usted mo lo ve,Trader,1552434853
jeffdye nbcbetterlate nbc that was great we have it on record all episodes,Trader,1552190593
buchvorstellung geheime goldpolitik,Trader,1536091130
djwolf you and me both,Trader,1533914054
bought may nf with stop,Trader,1530121476
buenos as charlierenderos una hermosa ma ana azul aqu en ny que tengas buena semana nygiants,Trader,1528810537
primetradefx daily trading signals,Trader,1517118817
happy thanksgiving everyone safe travels,Trader,1516452204
and love it when the eurusd breaks and goes down,Trader,1513224794
,Trader,1498790184
option coach ouch,Trader,1494355027
watching this on the es for short will front run by point limit out there at,Trader,1492410985
garyatx bestbuy never found anything liked as much as my plasma until saw an oled fantastic color black,Trader,1480891104
deborahganues tife immigrant trump realdonaldtrump don bother with these people they are just dumb uneducated hicks,Trader,1468831298
floydmayweather,Trader,1466769499
closed buy nzd usd position at on zulutrade pnl usd visit to see my hypothetical performance,Trader,1460242218
ma ana se reanuda el mundial tras dos as de descanso un duelo muy esperado es el de uruguay vs francia qui pasar uru vs fra,Trader,1449506407
giulianocossari giuliadivita stealbamonte ninaladyice boh io sono allibito una banderuola che va dove gli comoda per soldi parla,Trader,1437573078
eur usd cannot shake negativity,Trader,1435035271
fundraising for spread smile text smle to to sponsor me today thanks,Trader,1433265926
when they pull the rug underneath there no such thing as good stock,Trader,322411067
lorenzo forum line up alongside rossi and beat him from that grid position what fantastic sportsman and great champion he would be,Trader,322065132
,Trader,321436412
forex eurusd remains fairly resilient bbh,Trader,321143439
alectranews please update with the status of power at poinsetta dr and ladyslipper in thornhill no power for over hours thanks,Trader,320512742
ifollowback ineedfollowers instantfollowback followfriday ff greece money trading system aday follow,Trader,320313542
smb capital steeve talks about choosing the best trades,Trader,318919765
spider que presente bom poder passar tarde com este cara motiva extrema pra hj kobe will be in the house tonight,Trader,318605945
trading for living berharap market sesuai analisa,Trader,318146588
jmpdsafety hi please could you furnish me with working telephone numbers for your offices covering sandton rosebank and benoni,Trader,317681318
insider bars basics value area,Trader,316195937
london still top finance center but brexit may change that survey,Trader,315612566
independent non mainstream alternative news from various sources of the alternative press publishers,Trader,315230556
bourdain like how you ended the laos show your silence said lot another great episode,Trader,314854317
think policy makers in washington should take this earthquake personally,Trader,314252671
icoserenity serenityfinancial learn about the most important aspects of the project,Trader,313796071
after days of rest fb looks poised to make move first entry at long fb,Trader,313054957
going to dinner tonight of the steel trading community in dubai,Trader,311336494
ballartaesputo vampipe rafa inclan,Trader,310295950
wordoftheday momentum combination of volume and volatility in an instrument that keeps its price continuing in the same direction,Trader,309751306
check out my newly registered profile on twellow the yellow pages of twitter,Trader,309336977
usa trump irandeal what better than war with iran to satisfy the arms lobby oil lobby israel saudi arabia,Trader,309133991
bcerquera sabias palabras maestro,Trader,308156680
hi need to trade forex pls help me to trade or ill give my account to trade to you,Trader,307773176
received peer recognition viewbug photocontest,Trader,307601127
proftimnoakes did not have asthma but lost life long cat allergy when cut out grains and sugar not sure,Trader,306460639
eres aut nomo en galicia est pensando en impulsar la comunicaci para mejorar competitividad de tu proyecto,Trader,306081505
aapl closing in on measured move objective,Trader,301139104
raka imut salam kenal sorry sdh lama ga aktif tweet,Trader,300888297
money making investment ideas for via marketwatch,Trader,300445048
piersmorgan bbcquestiontime in blokey banter say it to your face response can believe they focused on,Trader,299292245
johnjurg wsj,Trader,299101035
ninobath testt,Trader,298619748
kalo dalam film ftv abis nabrak tiang listrik si papa pasti amnesia hmmm savetianglistrik,Trader,298277686
citigroup inc nyse stock analysis jul,Trader,297778912
jori lehtera on his way to the flyers practice facility,Trader,296253096
ctdt will be the next awesomepennystocks promotion,Trader,294484896
new tv ad anonymous president trump is shaking up washington and the establishment doesn like it while inside,Trader,293935069
hay algo que me fascina me obsesiona desde siempre como la mente puede cambiar la forma de pensar seg las variabl,Trader,293312276
tsn ottawa fans we want to win but can we also have team filled with neil smith and boro cause we love heart get grip,Trader,293010926
the price action got really crazy at the end of the day but it was still really good day up ticks for the day an,Trader,292756370
daze of our lives is out,Trader,292735008
showcase of ssj gohan sparking pan and ex master roshi in dragon ball legends,Trader,292348100
jason stapleton check out the show on itunes itunes,Trader,290112277
solomonrcali great leadership is leading revo investors off the cliff due to misleading info in pr and taking,Trader,290001793
closed sell eurusd for pips total for today pips,Trader,289857488
edemseshie amie diani gbedawo saintswift voltageek dingodell papajoro get in touch spintoa,Trader,289808354
hoss renu taps nice and thin break and she is gooooone stocktraderstalk,Trader,288558134
bikerzfinest marshmellomusic but love you,Trader,288246408
interesting article to read have you been sucked into the warren buffet trap by netnethunter,Trader,287535495
those calling snowden traitor seem to be ok with having their rights violated by the government but are probably against guncontrol,Trader,285632284
,Trader,285025213
,Trader,284752134
see all of our coverage of the sochi olympics,Trader,284497641
braulio riveros noticiasfides cxciii,Trader,284269453
update rolled uvxy may put spread to uvxy may for additional credit,Trader,283773058
look at the options iv insane,Trader,283617803
beogra ani prvi na balkanu dobijaju taxify odgovor taksista uberu start it via startitrs,Trader,283249889
hands free forex,Trader,282825622
veja na galeira as fotos do novo escrit rio em singapura,Trader,282505256
the new nfl,Trader,281586624
vanguardngrnews my polling station is very peaceful thanks to god,Trader,281207601
george soros is trading again lured by opportunities to profit from what he sees as coming economic troubles,Trader,281003677
unique slou icon pack from my friend on play store,Trader,279966425
maurogoddio albertfabrega supongo que evitar que queden restos de goma otro tipo de suciedad que bajen el rendimiento,Trader,277618379
rt gain follow me mohddabdullah theresadvdsn msredk hey you fuckoff itweettoom,Trader,195444217
short eurgbp up pips closing trade have wonderful,Trader,190381094
gffhsdfyy,Trader,188602675
new group join to all member please personal not sent any msg photo video stocks market related sent oth,Trader,179434910
hft hunting for your limit orders,Trader,176878296
free download get it now,Trader,134337783
sentechltd in bloemfontein sabc broadcast we see etv channel feb at,Trader,127322627
bitcoin will be by xmas bet dat,Trader,121646906
mini futures trading community at over new users since april trading futures emini,Trader,120317534
my lovely girl is doing moonwalk this weekend to raise money for breast cancer please sponsor her,Trader,119391979
dec contract,Trader,118133820
bearish picks for axp fslr gas gild lltc nsm pom tap trv,Trader,118042818
,Trader,117657763
new account,Journalist,4927649319
breaking isis issues new speech from spokesman abu al hassan al muhajir entitled the assault of the monotheists on th,Journalist,4927293819
,Journalist,4927100813
is social media promoting in your marketing plan for just month we ll promote your business every day visit htt,Journalist,4926409905
got that bitter bad taste of prune face in my mouth and wanna wash it out with some french yoda walt flan,Journalist,4926398110
any coastal carolina university student in the charleston area is welcome to use our facility until the campus reopens,Journalist,4926189449
young thug is great,Journalist,4926086437
qxhnz seattleriot,Journalist,4925547957
theo hiddema sloopt peter in rtl late night,Journalist,4925431415
ask that folks watch this without blinders on challenge what jimmy dore has said about the blue wave and progres,Journalist,4925073867
this the baby from monsters inc,Journalist,4925059545
important fingertips from kepa cross from the right looked to be looping goal bound but kepa had enough of reach,Journalist,4924982962
kickl ist ein politiker der sich die kritische presse mit weisungen an die pressestellen vom hals halten will und hofbe,Journalist,4924741679
hayleyholme newsstormteam you might be right,Journalist,4924183649
lampedusa mi rilasso testo tutto il glutenfree dell isola senzaglutine singluten freefrom,Journalist,4923657719
vote what your prediction for saturday arizonawildcats vs uscfootball pac football game expert picks,Journalist,4923452545
arrivatheshires whats happening with the no route from this morning to the th can my daughter still get to astley cooper by bus,Journalist,4923310877
focus on you till the focus is on you,Journalist,4923027014
be the holiday hero without spending cent enter to win the ultimate holiday giveaway of snesclassic an,Journalist,4922639268
fortnite live via youtube,Journalist,4922611575
added video to youtube playlist we ll meet again vera lynn,Journalist,4921628637
breaking ekiti workers receiving debit alert for the stipend paid during last election premiumtimesng,Journalist,4921420169
columnist nasteinle thinks student loan debt keeps people enslaved txst smtx,Journalist,4921308372
aufgrund eines defekten rauchmelders ckte am nachmittag die tailfinger feuerwehr mit einem schzug und der drehl,Journalist,4921235044
justsandsworld mean you re not wrong,Journalist,4921019819
brett groped me and tried to take off my clothes he had hard time because he was very inebriated believed he was going,Journalist,4920529997
crystalnis makenna mg realdonaldtrump hope you are aware that the person who job it is to clean and maintain,Journalist,4920520888
,Journalist,4920084403
do something today that your future self will thank you for fitforthekingdom healthyliving goals,Journalist,4919781483
walked around campus with glasses on at nigh to conceal umgowo ibuhlungu la wey you sometimes sleep ulila then xa uvuk,Journalist,4919760045
lapsi py rtyi ndash onko syd nper isen kkikuoleman vaaraa,Journalist,4919729819
bristol half marathon and run of before done the atmosphere was amazing yes teamclicsargent cheer squad,Journalist,4919660895
it is with tremendous sadness that we announce the passing of our very own chas hodges despite receiving successful treatme,Journalist,4919175826
utterly chilling via telegraphnews,Journalist,4918776449
brand new foodie post on the blog please check it out food blog brisbane travel,Journalist,4918742569
exploring the new stomping grounds spent yesterday in cades cove,Journalist,4917940129
ngatiaesq asif jndegz cant really win can he if he ignores the kid its shocking that these role models dont have tim,Journalist,4917618418
why does music still make me think about you,Journalist,4917330477
livejasmin live sex chat visit world top live jasmin livesex sexchat sexcams porn website xxx,Journalist,4917311855
rhonerht can see,Journalist,4916626166
diverse group of me businesses unveils an energy pathway for maine newscentermaine,Journalist,4916150302
adam endacott two page spread in today issue about the kenneth williams companion,Journalist,4915670817
on this day years ago tried to kill myself was in the icu for week then rehab for months am lucky my,Journalist,4915655476
lianthe nose jaja no le veo muy parecidooo,Journalist,4915592583
virtual singapore could be test bed for planners and plotters via reutersuk,Journalist,4915460574
huge difference between time covers from about teachers first they ridiculed shamed now they praise,Journalist,4915200772
looks like deming way and john hammons drive are open to all again tonight after wednesday shooting in middlet,Journalist,4915136272
acredite sua vida vai pra frente depois que voc se desapega das pessoas coisas que te levam pra tr,Journalist,4914865985
update fbi still does not have warrant to read abedin emails comey wrote letter having no idea what was in them,Journalist,4914467787
as we head through the holiday week jameszahara shows how long the rain will stick around,Journalist,4914177465
hollande jupp sarkozy qui profite la crise sociale,Journalist,4914002223
txhsfb,Journalist,4913901440
meet nugget parrot who keeps his eyes on the prize both he and his buddy chloe are the goodwill ambassadors of,Journalist,4913890089
god will let you hit rock bottom to let you know he is the rock at the bottom kirk franklin,Journalist,4913614306
bbcworld bbcnews trump is busman he can defend any in other advance his busnss enterprise not minding friend or well known enemy,Journalist,4913587719
,Journalist,4913413377
while sierra snow pack was below average this spring norcal reservoirs are sitting fairly full heading into the summer,Journalist,4913342845
la domandaperfetta di giulsulis qual la vostra esultanza preferita tvdellosport lpp,Journalist,4913305905
breaking the federal government has just announced an inquiry into the abc auspol,Journalist,4913122994
sp ter rin piano cover auf eros,Journalist,4912877607
great infographic about the psychology of colors in marketing how do colors influence you digitalmarketing design,Journalist,4912864079
daniel murray founder chief marketing officer of grabble fashion grabble dirsuption murraymuzz,Journalist,4912716917
,Journalist,4912257976
workshop highlights city codes for older buildings,Journalist,4911763984
,Journalist,4910936561
photogrid cutest baby ever,Journalist,4910885922
dj ledo,Journalist,4910838663
,Journalist,4910814615
ecsleague when will you be releasing details about ecs finals,Journalist,4910003807
have heart script free font download only paid version available now age themes,Journalist,4909954894
,Journalist,4909826067
omg adam is coming in january,Journalist,4909728435
former vp of nevada school board given million to bring more charter schools to the state,Journalist,4909503843
requested rt for lady gaga fav for jessica lange,Journalist,4909489383
ladies and gentlemen we have an announcement to make bemvindofred mufc,Journalist,4909285097
traditions india at byethost model independent escort in mumbai chetna gaur,Journalist,4908212952
fulani family of six come to christ through direct act of god,Journalist,4907669593
happy and glad to receive women excellenceaward for excellence in journalism and entrepreneurship,Journalist,4906849147
,Journalist,4906304499
chelsea fc forever blue is the colour football is the game,Journalist,4904717607
did not like my fridge nagging me every morning so fixed it the bellarke,Journalist,4904622155
,Journalist,4904258656
elderlawnepa ulrich incredible throw football better than an nfl player,Journalist,4903958680
mp,Journalist,4902906378
on the last episode of blind trading athena for the bucks she forgot to put her row back to the regular,Journalist,4902745608
juan carlos cruz individualiz la mafia de obispos que encubri karadima,Journalist,4901737059
relovedreams jonsnowc lucianaberger uklabour merseypolice even more bizarre lucy didn clear it up and allow,Journalist,4901691093
nu er forskerzonen kommet twitter og har et sit helt eget nyhedsbrev som du kan tilmelde dig her,Journalist,4901063963
,Journalist,4901001357
yishauolukorede recent publication inthenameoourfather has been getting rave reviews of late but what all the hype,Journalist,4900715969
you have to be willing to work hard than others yes that extra energy makes all the difference thks for staying with me,Journalist,4900545537
all these copyacats need to send some money to the,Journalist,4899829461
well yesterday was pretty alright day drove the abarth crivale the renault meganers the bmw roadster,Journalist,4899629986
local track legend adds to her accolades carla hoppie places third at world master athletic championships full st,Journalist,4899438841
bullpen should should hold this lead,Journalist,4899317963
lucwallace barry bannan,Journalist,4899206795
zach andrea ja es nervt ein wenig mittlerweile gibt es auch ayurvedajandcreme die man zu einer bestimmten tages,Journalist,4899159831
cosplayer shinuki shuts down social media due to stalkers and online harassment,Journalist,4899006554
,Journalist,4898959672
for ww gbs,Journalist,4898458048
understanding poland my new book is in the bookshops since monday poland from to the kaczy ski twins,Journalist,4898403381
training hub to plug shropshire skills gap marcheslep,Journalist,4898395841
we re ready to bring humanity back into the heart of our government my labour party conference speech lab https,Journalist,4898081428
model pio but more importantly an earnest attentive person who took time outside of work on more than one occas,Journalist,4897891049
it is the first strike to take place as part of the dispute at york hospital,Journalist,4897526357
gurmeetramrahim boxervijender congratulation,Journalist,4897492101
hfgfraud under instructions from njorogep hfgroupke hopes to completely shut scrutiny by obtaining gag orders in,Journalist,4897227034
nycenyaga mimi hapa,Journalist,4897049423
jonnybones so dc mma has accomplished everything but best you will you fight the winner of brock and dc what ar,Journalist,4896793900
nbcsn to air rugby weekend double header,Journalist,4896628954
the bootleg midseason report the highs and the lows blackmanftball ohspatsfootball oaklandrcs khartsfiel https,Journalist,4896193587
domrodrigocosta rodrigo tudo bem consigo falar com voc pelo mail que est na sua bio,Journalist,4896135069
albania largest hospital purchases greek owned hygeia local unit,Journalist,4895884582
zbcnewsonline thank you lord,Journalist,4895419461
as new californian yeah alarming good cvg khnews,Journalist,4895359072
jomo kenyatta acted as tribal chief in the film sanders of the river,Journalist,4895289041
from luxembourg to heidelberg in the chain reaction of the europe wide project freiraum the literary scholar ltrtrpunk,Journalist,4894685423
something about this makes me think it has very little to do with improving french academies,Journalist,4894390625
love the new addition to my family hedgehog love socute hedgehoglove,Journalist,4894092866
the first face mask ever fell in love with,Journalist,4894036093
neues buch von gottfried heller ein flammendes pl doyer etf heller umt auf mi,Journalist,4893496792
congratulations timheiman there no one more deserving of this honor thanks for all you do for the loca,Journalist,4892821583
good story about the challenges in charles county md paulindynews keep up the good work mikelivesunited uwcharlescounty uni,Journalist,4892820807
african american cemeteries across the country have largely been neglected few people know their locations fewer still,Journalist,4892471529
fg loses dollars on oil gas cargoes discharged in undesignated terminals,Journalist,4892281678
emma vegan mua ukchange hi emma we re looking to do an article on this issue for croydonad and speak to people,Journalist,4892100627
burning down the house is on the radio seems appropriate,Journalist,4892094045
uggs davidwhiteshow you have time to plan suitable outfit noexcuses,Journalist,4891709878
ellenwalker hallbrownlaw argues that new ons showing drop in divorce are not evidence of marriage being,Journalist,4891689005
clarins sos primer rose on bloglovin,Journalist,4891333083
rebeccavonthetv cltmotorspdwy seriously this race is going to be intense,Journalist,4890604697
travismccloud sat in front of monitor screen armed with keyboard,Journalist,4890400498
mile yard sale,Journalist,4890223920
her ey ben ya arken oldu bunu bilsin insanlar ben ya arken koptu tufan,Journalist,4889903332
court in session now waiting on video arraignment of suspect said to be in connection to the shooting on monday,Journalist,4889866583
million youtube clicks for our the things we believe in video clip that beyond epic thanks so much,Journalist,4889776186
frosedc federal it nextgov usgsa gsa itc since shakespeare absolutely loved puns think he be very approving of this use,Journalist,4889746175
angola lng is said to be offering mid term supply deals more on theterminal,Journalist,4889573015
thanks ozmusiconline one of my favorite music stores kevnkinney is gonna rock theforumtheater june,Journalist,4889552367
citizentvkenya like the argument of these gentlemen its true that no simple allegation that has not come to pass so,Journalist,4889499791
this is pretty amazing and yes national conversation about race we should do this every week potustownhall,Journalist,4889196815
do some social service and create pr activity out of it why can not we restrict ourselves to only perform infront of th,Journalist,4889130928
lmao chadwick boseman is sick and tired of all,Journalist,4889114920
buona lettura su,Journalist,4889011336
linussh,Journalist,4888960013
talk to potential perpetrators not just potential survivors when talking about sexual assault and consent we,Journalist,4888953579
happiness,Journalist,4888315978
results for presidentialelection to be declared by pm today counting of votes to begin at am,Journalist,4887979328
essexwill nctj news swreporter thanks essexwill loved working on that paper,Journalist,4887615868
,Journalist,4887430359
love you,Journalist,4887273860
secretworldlgds at least it now more content in swl than in tsw although love to get the nd season soon,Journalist,4887241451
one person followed me automatically checked by,Journalist,4887134723
happy birthday kuya itsenriquegil take care always continue your good deeds and god will bless you more enriquegilat,Journalist,4886956744
quick mini review of vishalbhardwaj sanyamalhotra radhikamadan and whosunilgrover pataakhamovie,Journalist,4886815547
check out my selfie with janis and damian lol,Journalist,4886485985
you re meteorologist must be nice to be wrong and still get paid me,Journalist,4886253585
tbt last month charity gig at the jericho tavern oxford and this well penned ditty from local legend richardbrabi,Journalist,4885884413
great to see this coffee shop in dundee being so brutally honest with their own name artisanroasters,Journalist,4885754871
quedan as del si escribes palabras al tendr palabras escritas el primer de eso,Journalist,4885674328
entspannen im auge des orkans es gibt tats chlich datenschutzbeauftragte die jetzt im urlaub sind schwer souver oder crazy dsgvo,Journalist,4885278077
some people are so dense that they make oil look like water,Journalist,4885159043
what fantastic sight indeed the tallest flag post bearing the national flag it feast to the eyes jai hind http,Journalist,4884994343
rickmann stimmt vieles hausgemacht aber das st ndige jammern dar ber ist auch etwas sehr deutsches,Journalist,4884929915
alljustforus will,Journalist,4884912983
rebecca narbay alam na this,Journalist,4884830780
full list ghana athletics association release list of athletes for durban joynews,Journalist,4884259793
pamelaparesky eaglecountyso basaltfire aspenfiredept pitkinsheriff you are getting the lake christine fire mix,Journalist,4883988912
basimlaleh omidi saeede taraghinejad,Journalist,4883987199
lindsayd once honestly looked for the copy and paste button when asked to write what was on the board you are not alone citizen,Journalist,4883302583
narendramodi pmoindia respected pm please convey through any medium and explain the facts of nrc becoz oppositio,Journalist,4883018558
mainstream media polls are outdated polls vote media us ucr ucreport,Journalist,4882415606
from agony to ecstacy as arsenal pull victory out of the fire against leicester afcvlcfc https,Journalist,4882281273
local business gets robbed tune in to region news to learn more as we track the story,Journalist,4882145847
us diplomats describe nz binge drinking drink driving muldoon conditioned reflex of hurling well aimed verbal,Journalist,4880962938
anthonyhorowitz is magpie murders book length jorge luis borges book within book built on body of imag,Journalist,4880045939
congratulations taylorswift on the bmi taylor swift award here to two things that never go out of style,Journalist,4879853703
listen even when you disagree internationaldayoflistening listen listening,Journalist,4878860193
amen,Journalist,4878842655
when one door closes another one opens,Journalist,4878832893
acavalliernyc that looks like you,Journalist,4878679791
enterprises are responsible for data security in multicloud environments yet most do not have the visibility or co,Journalist,4878614872
dr ford you are so brave and we are rooting for you,Journalist,4877960189
jubileeinske kbr crv honda,Journalist,4877836523
do you know ezekiel mutua and alfred mutua do they have anything in common presspass,Journalist,4877723621
update trowbridge dog walker still in hospital after particularly nasty attack,Journalist,4877703892
specialprogrammet som kobra gjort om henrik berggren nu att titta,Journalist,4877443065
george springer turns today rt and you can win one of these autographed mlbcards,Journalist,4877352142
enca they can slam as much as they like they have messed up and now they expect us turn blind eye zuma apology was incomplete,Journalist,4877239721
only in china us raised in series,Journalist,4877167949
bajam,Journalist,4876782231
wise words from dfpsports alumn nicktneville,Journalist,4876610489
putzzzzz baco de novooo parab ns bcexudoblues moral para rap em da bahia para brasil ser chamado,Journalist,4876395958
that not how that works,Journalist,4875768794
forest city ratner head of retail leasing is leaving after over years,Journalist,4875328918
chloefrancis alaynaaa omg love crocs,Journalist,4875285855
washington dc transit agency using smartrip card data to understand how riders get around via mobilitylabteam,Journalist,4875265258
noooo,Journalist,4875179771
join the movement take action and become globalcitizen,Journalist,4875089981
well who laughing now motherfucker,Journalist,4875080674
truckers rally for christ in lebanon county,Journalist,4875055420
sunset in england is breathtaking hope the photography does it justice acle norfolk,Journalist,4875053867
looking ward to serving pizza pedal pizza an out of box pizzeria on bicycle isleofdogs,Journalist,4874970136
once again just shelter matthew desmond writes with his signature clarity and compassion tying an individual sto,Journalist,4874781597
roboldfield footballmanager the training amends actually look interesting,Journalist,4874774079
one person followed me and one person unfollowed me automatically checked by,Journalist,4874677653
jatiumra,Journalist,4874588157
coloniahigh commonapp zegarobert usnewseducation news nj harvard udelaware rutgersu ksc web,Journalist,4874568551
traceyjordantv hey please listen and share zakiya gill characters upgraded version spoken word,Journalist,4874554180
this guy loves indiana football he lives leo every day join matt fight,Journalist,4874323577
zero to crazy in no time storm chaser describes florence wrath,Journalist,4874311635
video following win over lsu toomer corner tree catches fire via sds,Journalist,4874261752
watch how stray dog saves woman from thief,Journalist,4874256615
rabiaanumm themahirakhan role model never please,Journalist,4874030176
unison celebration opening of the new sunarena at timesquare menlynmaine corlia krugerar mangogroovesa there,Journalist,4873705133
fab morning recording and filming with the brilliant nicolemay ahead of national poetry day,Journalist,4873689399
got jb confesses lullaby choreography is too difficult,Journalist,4873021522
,Journalist,4872961528
as sidenote still love hugh grant make more romcoms with him he the only acceptable part of love actually,Journalist,4872793282
colleen ham thank you so much,Journalist,4872732821
judge dismissed the murder charge against keith baird,Journalist,4872357934
thanks to davenewbart for indulging me today and letting me run with this bizarre story,Journalist,4872354465
virgin media outage or service down current problems and outages,Journalist,4872197440
la fiestaca,Journalist,4872173549
